{"accuracy": 0.86875, "precision": 0.8927173913043478, "recall": 0.86875, "f1": 0.8629283589809906, "auroc": 0.9258542875564152}