{"accuracy": 0.851063829787234, "precision": 0.8543239533287578, "recall": 0.8510638297872339, "f1": 0.8522839929840617, "auroc": 0.8677083333333332}