{"accuracy": 0.9933333333333333, "precision": 0.9933803921568627, "recall": 0.9933333333333334, "f1": 0.993156460463493, "auroc": 0.9999999999999999}