{"accuracy": 0.9468085106382979, "precision": 0.9162663006177075, "recall": 0.9468085106382979, "f1": 0.9312870596442275, "auroc": 0.5430555555555555}