{"accuracy": 0.8963210702341137, "precision": 0.891903351307078, "recall": 0.8963210702341138, "f1": 0.8922556875356522, "auroc": 0.9163702928870301}