{"accuracy": 0.8924615934262237, "precision": 0.8892458465296345, "recall": 0.8924615934262237, "f1": 0.8900145575908888, "auroc": 0.9295830726770906}