{"accuracy": 0.8085106382978723, "precision": 0.8231841526045488, "recall": 0.8085106382978724, "f1": 0.8125059453974696, "auroc": 0.8635416666666667}