{"accuracy": 0.8875, "precision": 0.9055803571428571, "recall": 0.8875, "f1": 0.8835334695963208, "auroc": 0.9292392005157963}