{"accuracy": 0.9210432297249017, "precision": 0.920502437629236, "recall": 0.9210432297249018, "f1": 0.9207460234525041, "auroc": 0.9726421343146275}