{"accuracy": 0.8901453957996769, "precision": 0.8882440789759748, "recall": 0.8901453957996769, "f1": 0.8890778449672218, "auroc": 0.8976816356334437}