{"accuracy": 0.8879598662207357, "precision": 0.8831588824313142, "recall": 0.8879598662207359, "f1": 0.8842353344733829, "auroc": 0.9063981868898197}