{"accuracy": 0.8895939086294417, "precision": 0.8861972242365643, "recall": 0.8895939086294415, "f1": 0.8874333797902528, "auroc": 0.8932069510268562}