{"accuracy": 0.8868421052631579, "precision": 0.8834035087719299, "recall": 0.8868421052631579, "f1": 0.8846938640872658, "auroc": 0.8633882182361406}