{"accuracy": 0.8954970263381479, "precision": 0.8929547345191984, "recall": 0.8954970263381479, "f1": 0.8938554404322252, "auroc": 0.9184068584290996}