{"accuracy": 0.912621359223301, "precision": 0.8328777453105853, "recall": 0.912621359223301, "f1": 0.8709279976344192, "auroc": 0.609338061465721}