{"accuracy": 0.9577777777777777, "precision": 0.9595968757873519, "recall": 0.9577777777777778, "f1": 0.9474017238559533, "auroc": 0.968601895734597}