{"accuracy": 0.9574468085106383, "precision": 0.9167043911272068, "recall": 0.9574468085106383, "f1": 0.9366327474560592, "auroc": 0.4861111111111111}