{"accuracy": 0.9533333333333334, "precision": 0.9555455229495861, "recall": 0.9533333333333334, "f1": 0.9398998073217726, "auroc": 0.9883209207853757}