{"accuracy": 0.883248730964467, "precision": 0.8802167493703321, "recall": 0.883248730964467, "f1": 0.8814461622961174, "auroc": 0.8979208072160226}