{"accuracy": 0.8907894736842106, "precision": 0.8869782936640966, "recall": 0.8907894736842106, "f1": 0.8882351771823553, "auroc": 0.8642889311174331}