{"accuracy": 0.9260832625318607, "precision": 0.9261923234464334, "recall": 0.9260832625318607, "f1": 0.926136876411751, "auroc": 0.9712124271703433}