{"accuracy": 0.9555555555555556, "precision": 0.9575666163901458, "recall": 0.9555555555555556, "f1": 0.9437242798353909, "auroc": 0.9945836154366959}