{"accuracy": 0.895, "precision": 0.8918715177411922, "recall": 0.895, "f1": 0.892922882071489, "auroc": 0.8904756376020743}