{"accuracy": 0.9096945551128818, "precision": 0.9061052998735075, "recall": 0.9096945551128818, "f1": 0.9061574570132127, "auroc": 0.9155263638022255}