{"accuracy": 0.9977777777777778, "precision": 0.9977830312582086, "recall": 0.9977777777777779, "f1": 0.9977588906819675, "auroc": 1.0}