{"accuracy": 0.9911504424778761, "precision": 0.9912301682213187, "recall": 0.9911504424778761, "f1": 0.990285508349017, "auroc": 0.9999999999999999}