{"accuracy": 0.85625, "precision": 0.8732653925814349, "recall": 0.85625, "f1": 0.8507620452310718, "auroc": 0.8903932946486139}