{"accuracy": 0.9444444444444444, "precision": 0.9444444444444444, "recall": 0.9444444444444444, "f1": 0.9444444444444444, "auroc": 0.990625}