{"accuracy": 0.8934010152284264, "precision": 0.8889294664132223, "recall": 0.8934010152284264, "f1": 0.8899199490156875, "auroc": 0.9094480966213124}