{"accuracy": 0.897762673463608, "precision": 0.8947490631203043, "recall": 0.8977626734636079, "f1": 0.8955871783353202, "auroc": 0.930282351297343}