{"accuracy": 0.86875, "precision": 0.8826002022430594, "recall": 0.8687499999999999, "f1": 0.8644909862142099, "auroc": 0.8919245647969053}