{"accuracy": 0.8894736842105263, "precision": 0.8848315044430871, "recall": 0.8894736842105264, "f1": 0.8860459726136254, "auroc": 0.8885532573951822}