{"accuracy": 0.8972081218274112, "precision": 0.8929302822676837, "recall": 0.8972081218274112, "f1": 0.8936949799191385, "auroc": 0.907195637772003}