{"accuracy": 0.9328802039082413, "precision": 0.9331166130416251, "recall": 0.9328802039082413, "f1": 0.932993356458397, "auroc": 0.9751146995322049}