{"accuracy": 0.8896034297963559, "precision": 0.8860890644643068, "recall": 0.8896034297963559, "f1": 0.8868645646099509, "auroc": 0.925652989880405}