{"accuracy": 0.8917609046849758, "precision": 0.8896135153860595, "recall": 0.8917609046849758, "f1": 0.8905265367750597, "auroc": 0.9039712569285406}