{"accuracy": 0.8913043478260869, "precision": 0.8865266765414888, "recall": 0.891304347826087, "f1": 0.8872610847588642, "auroc": 0.9089173640167363}