{"accuracy": 0.9264022865309038, "precision": 0.9263194499472055, "recall": 0.926402286530904, "f1": 0.9263602330186764, "auroc": 0.972896412143514}