{"accuracy": 0.8901453957996769, "precision": 0.8888414143709602, "recall": 0.8901453957996769, "f1": 0.8894419570736212, "auroc": 0.905539513425604}