{"accuracy": 0.8946488294314381, "precision": 0.8903491481022963, "recall": 0.8946488294314382, "f1": 0.8911466577884049, "auroc": 0.9112622036262208}