{"accuracy": 0.9444444444444444, "precision": 0.9494949494949494, "recall": 0.9444444444444444, "f1": 0.9439153439153438, "auroc": 0.990625}