{"accuracy": 0.85, "precision": 0.8686880244088482, "recall": 0.85, "f1": 0.8438186813186812, "auroc": 0.8833816892327531}