{"accuracy": 0.88125, "precision": 0.901216814159292, "recall": 0.8812500000000001, "f1": 0.876716472147407, "auroc": 0.9251289490651193}