{"accuracy": 0.9722222222222222, "precision": 0.9735449735449735, "recall": 0.9722222222222223, "f1": 0.9721129469359209, "auroc": 0.9984375}