{"accuracy": 0.8297872340425532, "precision": 0.8380475594493116, "recall": 0.8297872340425532, "f1": 0.8323610157858615, "auroc": 0.7927083333333333}