{"accuracy": 0.8855263157894737, "precision": 0.8822432920536635, "recall": 0.8855263157894737, "f1": 0.8835180055401661, "auroc": 0.884791133470271}