{"accuracy": 0.8946700507614214, "precision": 0.8906237510347947, "recall": 0.8946700507614214, "f1": 0.891702519343782, "auroc": 0.8992406869489887}