{"accuracy": 0.8943642027754177, "precision": 0.891850457063553, "recall": 0.8943642027754177, "f1": 0.8927624143208661, "auroc": 0.9258065812744524}