{"accuracy": 0.9823008849557522, "precision": 0.9826169405815424, "recall": 0.9823008849557522, "f1": 0.9779558319381327, "auroc": 1.0}