{"accuracy": 0.8846153846153846, "precision": 0.8795637495958232, "recall": 0.8846153846153847, "f1": 0.880779672815872, "auroc": 0.8775453277545328}