{"accuracy": 0.9188996070025008, "precision": 0.918044018130124, "recall": 0.918899607002501, "f1": 0.9184016315002842, "auroc": 0.9691378104875811}