{"accuracy": 0.8804523424878837, "precision": 0.8783558601497773, "recall": 0.8804523424878836, "f1": 0.8792905959937413, "auroc": 0.9011251618042425}