{"accuracy": 0.8868421052631579, "precision": 0.8826530534031775, "recall": 0.8868421052631579, "f1": 0.8840261945185545, "auroc": 0.8803315062775281}