{"accuracy": 0.9317473803455112, "precision": 0.9320593097410843, "recall": 0.9317473803455112, "f1": 0.9318950289489661, "auroc": 0.9737439994487556}