{"accuracy": 0.8908629441624365, "precision": 0.8867187668697296, "recall": 0.8908629441624365, "f1": 0.887948252587003, "auroc": 0.9012383427610466}