{"accuracy": 0.893533404787424, "precision": 0.8905005016506949, "recall": 0.8935334047874242, "f1": 0.8912906295264147, "auroc": 0.927994848206072}