{"accuracy": 0.8885298869143781, "precision": 0.8863056928939217, "recall": 0.888529886914378, "f1": 0.8872586722011808, "auroc": 0.8959142354542138}