{"accuracy": 0.8946488294314381, "precision": 0.8901555010294228, "recall": 0.8946488294314382, "f1": 0.8907299744585914, "auroc": 0.9144438633193864}